{
    "chooseLanguage":"Valitse Kieli",
    "language":"suomeksi",
    "ifAnything":"Jotakin",
	"welcome":"Tervetuloa lammas simulatoriin ",
	"order":"Sano Bää",
	"bleats":["Bää", "Bä", "bä", "bää", "BÄÄ", "BÄ", "Bää!", "Bä!", "bä!", "bää!", "BÄÄ!", "BÄ!", "Mää", "Mä", "mä", "mää", "MÄÄ", "MÄ", "Mää!", "Mä!", "mä!", "mää!", "MÄÄ!", "MÄ!"],
	"compliment":"Hyvä huutanut!",
	"over":"Game Over!",
	"again":"Haluatko pelata uudestaan? [K/E]",
	"yes":["K", "k"]
}
